,hb_date,hb_people,hb_time
0,13,0,360
1,13,218,370
2,13,101,375
3,13,209,380
4,13,106,385
5,13,318,390
6,13,164,395
7,13,570,400
8,13,226,405
9,13,570,410
10,13,513,415
11,13,439,420
12,13,357,425
13,13,307,430
14,13,274,435
15,13,350,440
16,13,353,445
17,13,597,450
18,13,562,455
19,13,317,460
20,13,278,465
21,13,366,470
22,13,178,475
23,13,445,480
24,13,257,485
25,13,678,490
26,13,188,495
27,13,173,500
28,13,147,505
29,13,250,510
30,13,152,515
31,13,43,520
32,13,111,525
33,13,174,530
34,13,198,535
35,13,527,540
36,13,231,545
37,13,0,550
38,13,300,555
39,13,391,560
40,13,247,565
41,13,198,570
42,13,377,575
43,13,92,580
44,13,328,585
45,13,172,590
46,13,0,595
47,13,450,600
48,13,147,605
49,13,427,610
50,13,216,615
51,13,308,620
52,13,193,625
53,13,364,630
54,13,548,635
55,13,0,640
56,13,162,645
57,13,100,650
58,13,358,655
59,13,381,660
60,13,418,670
61,13,481,675
62,13,124,680
63,13,245,685
64,13,213,690
65,13,294,695
66,13,182,700
67,13,95,705
68,13,200,710
69,13,383,715
70,13,496,720
71,13,342,725
72,13,199,730
73,13,32,735
74,13,368,740
75,13,228,745
76,13,413,750
77,13,413,755
78,13,84,760
79,13,301,765
80,13,272,770
81,13,416,775
82,13,175,780
83,13,230,785
84,13,410,790
85,13,263,795
86,13,318,800
87,13,275,805
88,13,262,810
89,13,194,815
90,13,201,820
91,13,296,825
92,13,278,830
93,13,411,835
94,13,146,840
95,13,345,845
96,13,174,850
97,13,98,855
98,13,240,860
99,13,172,870
100,13,337,875
101,13,117,880
102,13,274,885
103,13,308,890
104,13,355,895
105,13,702,900
106,13,0,905
107,13,195,910
108,13,377,915
109,13,126,920
110,13,168,925
111,13,120,930
112,13,257,935
113,13,140,940
114,13,0,945
115,13,221,950
116,13,369,955
117,13,404,960
118,13,299,965
119,13,219,970
120,13,430,975
121,13,490,980
122,13,0,985
123,13,152,990
124,13,315,995
125,13,548,1000
126,13,134,1005
127,13,307,1010
128,13,104,1015
129,13,513,1020
130,13,469,1025
131,13,383,1030
132,13,377,1040
133,13,65,1045
134,13,188,1050
135,13,116,1055
136,13,354,1060
137,13,259,1065
138,13,254,1070
139,13,485,1075
140,13,176,1080
141,13,218,1085
142,13,551,1090
143,13,377,1095
144,13,96,1100
145,13,352,1105
146,13,807,1110
147,13,332,1115
148,13,231,1120
149,13,0,1125
150,13,225,1130
151,13,384,1135
152,13,210,1140
153,13,235,1145
154,13,215,1150
155,13,83,1155
156,13,338,1160
157,13,489,1165
158,13,389,1170
159,13,104,1175
160,13,275,1180
161,13,122,1185
162,13,258,1190
163,13,284,1195
164,13,530,1200
165,13,293,1205
166,13,426,1210
167,13,493,1215
168,13,206,1220
169,13,0,1225
170,13,225,1230
171,13,403,1240
172,13,286,1245
173,13,208,1250
174,13,199,1255
175,13,299,1260
176,13,133,1265
177,13,161,1270
178,13,442,1275
179,13,143,1280
180,13,324,1285
181,13,426,1290
182,13,0,1295
183,13,115,1310
184,13,265,1315
185,13,136,1320
186,13,479,1325
187,13,280,1330
188,13,118,1340
189,13,284,1350
190,13,391,1355
191,13,148,1370
192,13,325,1380
193,13,85,1385
194,13,131,1390
195,13,1,1400
196,13,268,1405
197,13,0,1410
198,13,171,1420
199,13,154,1430
0,14,0,360
1,14,194,370
2,14,87,375
3,14,93,380
4,14,177,385
5,14,430,390
6,14,193,395
7,14,531,400
8,14,217,405
9,14,595,410
10,14,359,415
11,14,522,420
12,14,308,425
13,14,376,430
14,14,358,435
15,14,577,440
16,14,422,445
17,14,693,450
18,14,533,455
19,14,356,460
20,14,219,465
21,14,380,470
22,14,284,475
23,14,327,480
24,14,317,485
25,14,581,490
26,14,201,495
27,14,312,500
28,14,151,505
29,14,257,510
30,14,243,515
31,14,48,520
32,14,147,525
33,14,189,530
34,14,375,535
35,14,353,540
36,14,168,545
37,14,106,550
38,14,307,555
39,14,607,560
40,14,285,565
41,14,228,570
42,14,164,575
43,14,79,580
44,14,344,585
45,14,151,590
46,14,0,595
47,14,454,600
48,14,330,605
49,14,500,610
50,14,0,615
51,14,318,620
52,14,194,625
53,14,327,630
54,14,449,635
55,14,0,640
56,14,262,645
57,14,104,650
58,14,230,655
59,14,384,660
60,14,418,670
61,14,295,675
62,14,116,680
63,14,324,685
64,14,146,690
65,14,293,695
66,14,206,700
67,14,129,705
68,14,235,710
69,14,398,715
70,14,528,720
71,14,343,725
72,14,239,730
73,14,113,735
74,14,306,740
75,14,300,745
76,14,414,750
77,14,363,755
78,14,167,760
79,14,246,765
80,14,226,770
81,14,498,775
82,14,202,780
83,14,230,785
84,14,368,790
85,14,163,795
86,14,321,800
87,14,254,805
88,14,261,810
89,14,169,815
90,14,129,820
91,14,369,825
92,14,391,830
93,14,335,835
94,14,176,840
95,14,254,845
96,14,330,850
97,14,0,855
98,14,282,860
99,14,289,870
100,14,427,875
101,14,99,880
102,14,293,885
103,14,247,890
104,14,275,895
105,14,571,900
106,14,144,905
107,14,106,910
108,14,235,915
109,14,57,920
110,14,0,925
111,14,226,930
112,14,276,935
113,14,138,940
114,14,59,945
115,14,347,950
116,14,334,955
117,14,487,960
118,14,419,965
119,14,259,970
120,14,475,975
121,14,617,980
122,14,120,985
123,14,296,990
124,14,328,995
125,14,712,1000
126,14,309,1005
127,14,316,1010
128,14,67,1015
129,14,517,1020
130,14,612,1025
131,14,389,1030
132,14,388,1040
133,14,0,1045
134,14,176,1050
135,14,157,1055
136,14,287,1060
137,14,239,1065
138,14,141,1070
139,14,434,1075
140,14,409,1080
141,14,137,1085
142,14,449,1090
143,14,182,1095
144,14,116,1100
145,14,257,1105
146,14,782,1110
147,14,272,1115
148,14,400,1120
149,14,150,1125
150,14,234,1130
151,14,252,1135
152,14,619,1140
153,14,256,1145
154,14,371,1150
155,14,298,1155
156,14,374,1160
157,14,478,1165
158,14,318,1170
159,14,112,1175
160,14,245,1180
161,14,127,1185
162,14,114,1190
163,14,271,1195
164,14,529,1200
165,14,302,1205
166,14,277,1210
167,14,546,1215
168,14,415,1220
169,14,276,1225
170,14,205,1230
171,14,476,1240
172,14,420,1245
173,14,257,1250
174,14,173,1255
175,14,562,1260
176,14,341,1265
177,14,94,1270
178,14,489,1275
179,14,150,1280
180,14,445,1285
181,14,537,1290
182,14,172,1295
183,14,244,1310
184,14,277,1315
185,14,319,1320
186,14,445,1325
187,14,117,1330
188,14,146,1340
189,14,429,1350
190,14,406,1355
191,14,133,1370
192,14,319,1380
193,14,298,1385
194,14,6,1390
195,14,207,1400
196,14,244,1405
197,14,0,1410
198,14,168,1420
199,14,0,1430
0,15,93,360
1,15,210,370
2,15,96,375
3,15,196,380
4,15,116,385
5,15,373,390
6,15,190,395
7,15,534,400
8,15,234,405
9,15,550,410
10,15,311,415
11,15,548,420
12,15,300,425
13,15,276,430
14,15,349,435
15,15,405,440
16,15,410,445
17,15,700,450
18,15,659,455
19,15,299,460
20,15,393,465
21,15,398,470
22,15,189,475
23,15,435,480
24,15,362,485
25,15,682,490
26,15,168,495
27,15,257,500
28,15,136,505
29,15,223,510
30,15,135,515
31,15,63,520
32,15,196,525
33,15,176,530
34,15,535,535
35,15,563,540
36,15,0,545
37,15,202,550
38,15,368,555
39,15,402,560
40,15,296,565
41,15,190,570
42,15,175,575
43,15,50,580
44,15,306,585
45,15,125,590
46,15,82,595
47,15,567,600
48,15,159,605
49,15,489,610
50,15,192,615
51,15,257,620
52,15,202,625
53,15,439,630
54,15,463,635
55,15,24,640
56,15,244,645
57,15,98,650
58,15,244,655
59,15,414,660
60,15,418,670
61,15,439,675
62,15,134,680
63,15,341,685
64,15,123,690
65,15,286,695
66,15,192,700
67,15,118,705
68,15,207,710
69,15,405,715
70,15,481,720
71,15,303,725
72,15,193,730
73,15,101,735
74,15,423,740
75,15,226,745
76,15,440,750
77,15,469,755
78,15,181,760
79,15,268,765
80,15,313,770
81,15,424,775
82,15,338,780
83,15,260,785
84,15,365,790
85,15,291,795
86,15,347,800
87,15,316,805
88,15,303,810
89,15,153,815
90,15,238,820
91,15,320,825
92,15,258,830
93,15,498,835
94,15,212,840
95,15,270,845
96,15,179,850
97,15,68,855
98,15,256,860
99,15,138,870
100,15,348,875
101,15,133,880
102,15,311,885
103,15,312,890
104,15,159,895
105,15,649,900
106,15,63,905
107,15,244,910
108,15,418,915
109,15,87,920
110,15,140,925
111,15,277,930
112,15,280,935
113,15,97,940
114,15,45,945
115,15,232,950
116,15,366,955
117,15,636,960
118,15,325,965
119,15,264,970
120,15,490,975
121,15,553,980
122,15,0,985
123,15,303,990
124,15,383,995
125,15,637,1000
126,15,483,1005
127,15,274,1010
128,15,260,1015
129,15,643,1020
130,15,379,1025
131,15,424,1030
132,15,354,1040
133,15,0,1045
134,15,139,1050
135,15,147,1055
136,15,254,1060
137,15,259,1065
138,15,140,1070
139,15,506,1075
140,15,274,1080
141,15,193,1085
142,15,558,1090
143,15,270,1095
144,15,83,1100
145,15,416,1105
146,15,837,1110
147,15,363,1115
148,15,297,1120
149,15,160,1125
150,15,285,1130
151,15,393,1135
152,15,361,1140
153,15,298,1145
154,15,358,1150
155,15,52,1155
156,15,430,1160
157,15,483,1165
158,15,416,1170
159,15,136,1175
160,15,291,1180
161,15,117,1185
162,15,235,1190
163,15,254,1195
164,15,515,1200
165,15,328,1205
166,15,400,1210
167,15,586,1215
168,15,114,1220
169,15,174,1225
170,15,355,1230
171,15,298,1240
172,15,370,1245
173,15,221,1250
174,15,218,1255
175,15,418,1260
176,15,257,1265
177,15,129,1270
178,15,562,1275
179,15,252,1280
180,15,424,1285
181,15,537,1290
182,15,175,1295
183,15,59,1310
184,15,314,1315
185,15,300,1320
186,15,644,1325
187,15,263,1330
188,15,101,1340
189,15,266,1350
190,15,393,1355
191,15,123,1370
192,15,336,1380
193,15,304,1385
194,15,129,1390
195,15,196,1400
196,15,187,1405
197,15,104,1410
198,15,173,1420
199,15,90,1430
0,16,0,360
1,16,136,370
2,16,107,375
3,16,89,380
4,16,230,385
5,16,391,390
6,16,215,395
7,16,560,400
8,16,184,405
9,16,510,410
10,16,479,415
11,16,479,420
12,16,349,425
13,16,322,430
14,16,360,435
15,16,624,440
16,16,389,445
17,16,669,450
18,16,625,455
19,16,387,460
20,16,314,465
21,16,344,470
22,16,191,475
23,16,347,480
24,16,284,485
25,16,567,490
26,16,172,495
27,16,290,500
28,16,157,505
29,16,234,510
30,16,264,515
31,16,39,520
32,16,170,525
33,16,197,530
34,16,156,535
35,16,374,540
36,16,47,545
37,16,0,550
38,16,261,555
39,16,616,560
40,16,264,565
41,16,298,570
42,16,126,575
43,16,102,580
44,16,456,585
45,16,204,590
46,16,0,595
47,16,614,600
48,16,370,605
49,16,539,610
50,16,0,615
51,16,272,620
52,16,193,625
53,16,508,630
54,16,498,635
55,16,0,640
56,16,267,645
57,16,88,650
58,16,218,655
59,16,382,660
60,16,334,670
61,16,274,675
62,16,109,680
63,16,301,685
64,16,202,690
65,16,311,695
66,16,236,700
67,16,163,705
68,16,213,710
69,16,435,715
70,16,506,720
71,16,308,725
72,16,210,730
73,16,79,735
74,16,229,740
75,16,211,745
76,16,511,750
77,16,453,755
78,16,155,760
79,16,258,765
80,16,222,770
81,16,510,775
82,16,197,780
83,16,233,785
84,16,443,790
85,16,186,795
86,16,391,800
87,16,340,805
88,16,451,810
89,16,248,815
90,16,217,820
91,16,379,825
92,16,445,830
93,16,383,835
94,16,10,840
95,16,274,845
96,16,339,850
97,16,116,855
98,16,240,860
99,16,137,870
100,16,272,875
101,16,136,880
102,16,289,885
103,16,294,890
104,16,449,895
105,16,614,900
106,16,0,905
107,16,147,910
108,16,388,915
109,16,67,920
110,16,0,925
111,16,325,930
112,16,294,935
113,16,260,940
114,16,58,945
115,16,322,950
116,16,567,955
117,16,478,960
118,16,324,965
119,16,215,970
120,16,142,975
121,16,607,980
122,16,0,985
123,16,275,990
124,16,453,995
125,16,481,1000
126,16,310,1005
127,16,381,1010
128,16,66,1015
129,16,561,1020
130,16,450,1025
131,16,432,1030
132,16,380,1040
133,16,0,1045
134,16,201,1050
135,16,131,1055
136,16,331,1060
137,16,274,1065
138,16,0,1070
139,16,442,1075
140,16,590,1080
141,16,138,1085
142,16,546,1090
143,16,279,1095
144,16,111,1100
145,16,290,1105
146,16,609,1110
147,16,252,1115
148,16,402,1120
149,16,174,1125
150,16,299,1130
151,16,274,1135
152,16,466,1140
153,16,287,1145
154,16,385,1150
155,16,282,1155
156,16,399,1160
157,16,364,1165
158,16,497,1170
159,16,0,1175
160,16,274,1180
161,16,120,1185
162,16,122,1190
163,16,275,1195
164,16,434,1200
165,16,429,1205
166,16,248,1210
167,16,575,1215
168,16,422,1220
169,16,254,1225
170,16,294,1230
171,16,271,1240
172,16,293,1245
173,16,293,1250
174,16,164,1255
175,16,600,1260
176,16,279,1265
177,16,112,1270
178,16,351,1275
179,16,251,1280
180,16,352,1285
181,16,545,1290
182,16,172,1295
183,16,392,1310
184,16,169,1315
185,16,303,1320
186,16,438,1325
187,16,152,1330
188,16,133,1340
189,16,427,1350
190,16,405,1355
191,16,146,1370
192,16,282,1380
193,16,311,1385
194,16,0,1390
195,16,198,1400
196,16,237,1405
197,16,0,1410
198,16,173,1420
199,16,0,1430
0,17,0,360
1,17,146,370
2,17,110,375
3,17,80,380
4,17,236,385
5,17,307,390
6,17,196,395
7,17,443,400
8,17,205,405
9,17,606,410
10,17,483,415
11,17,488,420
12,17,179,425
13,17,311,430
14,17,280,435
15,17,503,440
16,17,479,445
17,17,736,450
18,17,639,455
19,17,182,460
20,17,285,465
21,17,462,470
22,17,143,475
23,17,358,480
24,17,360,485
25,17,590,490
26,17,206,495
27,17,337,500
28,17,147,505
29,17,272,510
30,17,252,515
31,17,0,520
32,17,138,525
33,17,206,530
34,17,539,535
35,17,376,540
36,17,150,545
37,17,0,550
38,17,361,555
39,17,405,560
40,17,147,565
41,17,191,570
42,17,168,575
43,17,74,580
44,17,270,585
45,17,133,590
46,17,0,595
47,17,432,600
48,17,85,605
49,17,423,610
50,17,210,615
51,17,275,620
52,17,211,625
53,17,492,630
54,17,502,635
55,17,0,640
56,17,270,645
57,17,100,650
58,17,314,655
59,17,228,660
60,17,392,670
61,17,280,675
62,17,126,680
63,17,346,685
64,17,107,690
65,17,318,695
66,17,206,700
67,17,114,705
68,17,180,710
69,17,378,715
70,17,463,720
71,17,319,725
72,17,207,730
73,17,100,735
74,17,169,740
75,17,105,745
76,17,466,750
77,17,480,755
78,17,98,760
79,17,101,765
80,17,232,770
81,17,385,775
82,17,272,780
83,17,202,785
84,17,467,790
85,17,287,795
86,17,354,800
87,17,296,805
88,17,342,810
89,17,153,815
90,17,182,820
91,17,324,825
92,17,238,830
93,17,488,835
94,17,58,840
95,17,268,845
96,17,163,850
97,17,0,855
98,17,266,860
99,17,124,870
100,17,249,875
101,17,92,880
102,17,257,885
103,17,249,890
104,17,358,895
105,17,336,900
106,17,0,905
107,17,190,910
108,17,336,915
109,17,117,920
110,17,0,925
111,17,369,930
112,17,276,935
113,17,148,940
114,17,68,945
115,17,280,950
116,17,434,955
117,17,438,960
118,17,229,965
119,17,222,970
120,17,408,975
121,17,538,980
122,17,0,985
123,17,180,990
124,17,322,995
125,17,404,1000
126,17,430,1005
127,17,265,1010
128,17,118,1015
129,17,672,1020
130,17,417,1025
131,17,565,1030
132,17,261,1040
133,17,94,1045
134,17,206,1050
135,17,0,1055
136,17,344,1060
137,17,279,1065
138,17,259,1070
139,17,467,1075
140,17,171,1080
141,17,254,1085
142,17,416,1090
143,17,279,1095
144,17,75,1100
145,17,446,1105
146,17,381,1110
147,17,355,1115
148,17,172,1120
149,17,169,1125
150,17,109,1130
151,17,107,1135
152,17,514,1140
153,17,282,1145
154,17,375,1150
155,17,146,1155
156,17,455,1160
157,17,480,1165
158,17,181,1170
159,17,156,1175
160,17,256,1180
161,17,117,1185
162,17,250,1190
163,17,272,1195
164,17,442,1200
165,17,263,1205
166,17,441,1210
167,17,246,1215
168,17,223,1220
169,17,0,1225
170,17,141,1230
171,17,230,1240
172,17,279,1245
173,17,255,1250
174,17,168,1255
175,17,460,1260
176,17,264,1265
177,17,135,1270
178,17,496,1275
179,17,262,1280
180,17,378,1285
181,17,426,1290
182,17,176,1295
183,17,0,1310
184,17,321,1315
185,17,148,1320
186,17,674,1325
187,17,290,1330
188,17,122,1340
189,17,269,1350
190,17,404,1355
191,17,0,1370
192,17,89,1380
193,17,279,1385
194,17,290,1390
195,17,200,1400
196,17,301,1405
197,17,0,1410
198,17,175,1420
199,17,172,1430
0,18,45,360
1,18,178,370
2,18,107,375
3,18,182,380
4,18,98,385
5,18,270,390
6,18,214,395
7,18,560,400
8,18,233,405
9,18,588,410
10,18,488,415
11,18,498,420
12,18,274,425
13,18,274,430
14,18,223,435
15,18,681,440
16,18,451,445
17,18,639,450
18,18,548,455
19,18,370,460
20,18,226,465
21,18,397,470
22,18,98,475
23,18,317,480
24,18,184,485
25,18,450,490
26,18,186,495
27,18,283,500
28,18,111,505
29,18,206,510
30,18,136,515
31,18,37,520
32,18,0,525
33,18,167,530
34,18,592,535
35,18,293,540
36,18,70,545
37,18,0,550
38,18,172,555
39,18,409,560
40,18,142,565
41,18,174,570
42,18,169,575
43,18,0,580
44,18,251,585
45,18,139,590
46,18,54,595
47,18,395,600
48,18,118,605
49,18,423,610
50,18,190,615
51,18,247,620
52,18,202,625
53,18,452,630
54,18,499,635
55,18,23,640
56,18,268,645
57,18,78,650
58,18,244,655
59,18,351,660
60,18,372,670
61,18,259,675
62,18,118,680
63,18,240,685
64,18,166,690
65,18,227,695
66,18,176,700
67,18,93,705
68,18,162,710
69,18,396,715
70,18,433,720
71,18,263,725
72,18,188,730
73,18,93,735
74,18,193,740
75,18,291,745
76,18,334,750
77,18,380,755
78,18,161,760
79,18,192,765
80,18,172,770
81,18,408,775
82,18,213,780
83,18,214,785
84,18,413,790
85,18,266,795
86,18,319,800
87,18,323,805
88,18,353,810
89,18,80,815
90,18,218,820
91,18,278,825
92,18,284,830
93,18,220,835
94,18,169,840
95,18,291,845
96,18,265,850
97,18,209,855
98,18,228,860
99,18,136,870
100,18,278,875
101,18,104,880
102,18,72,885
103,18,277,890
104,18,201,895
105,18,595,900
106,18,67,905
107,18,179,910
108,18,358,915
109,18,49,920
110,18,0,925
111,18,266,930
112,18,185,935
113,18,228,940
114,18,53,945
115,18,216,950
116,18,376,955
117,18,503,960
118,18,194,965
119,18,203,970
120,18,381,975
121,18,562,980
122,18,0,985
123,18,329,990
124,18,282,995
125,18,478,1000
126,18,438,1005
127,18,259,1010
128,18,216,1015
129,18,687,1020
130,18,387,1025
131,18,331,1030
132,18,267,1040
133,18,0,1045
134,18,222,1050
135,18,124,1055
136,18,290,1060
137,18,231,1065
138,18,136,1070
139,18,366,1075
140,18,305,1080
141,18,237,1085
142,18,435,1090
143,18,389,1095
144,18,81,1100
145,18,324,1105
146,18,809,1110
147,18,315,1115
148,18,189,1120
149,18,136,1125
150,18,123,1130
151,18,340,1135
152,18,383,1140
153,18,251,1145
154,18,327,1150
155,18,122,1155
156,18,392,1160
157,18,341,1165
158,18,390,1170
159,18,101,1175
160,18,277,1180
161,18,115,1185
162,18,259,1190
163,18,271,1195
164,18,637,1200
165,18,410,1205
166,18,397,1210
167,18,523,1215
168,18,94,1220
169,18,225,1225
170,18,254,1230
171,18,254,1240
172,18,319,1245
173,18,227,1250
174,18,252,1255
175,18,353,1260
176,18,262,1265
177,18,164,1270
178,18,410,1275
179,18,258,1280
180,18,368,1285
181,18,529,1290
182,18,141,1295
183,18,120,1310
184,18,230,1315
185,18,240,1320
186,18,613,1325
187,18,283,1330
188,18,0,1340
189,18,254,1350
190,18,314,1355
191,18,157,1370
192,18,239,1380
193,18,296,1385
194,18,114,1390
195,18,208,1400
196,18,232,1405
197,18,74,1410
198,18,178,1420
199,18,155,1430
0,19,0,360
1,19,162,370
2,19,111,375
3,19,80,380
4,19,181,385
5,19,378,390
6,19,192,395
7,19,540,400
8,19,184,405
9,19,601,410
10,19,454,415
11,19,557,420
12,19,230,425
13,19,325,430
14,19,285,435
15,19,457,440
16,19,416,445
17,19,606,450
18,19,474,455
19,19,355,460
20,19,342,465
21,19,410,470
22,19,217,475
23,19,262,480
24,19,257,485
25,19,479,490
26,19,159,495
27,19,263,500
28,19,160,505
29,19,262,510
30,19,140,515
31,19,39,520
32,19,147,525
33,19,200,530
34,19,484,535
35,19,202,540
36,19,42,545
37,19,0,550
38,19,260,555
39,19,627,560
40,19,342,565
41,19,222,570
42,19,167,575
43,19,113,580
44,19,460,585
45,19,201,590
46,19,0,595
47,19,487,600
48,19,301,605
49,19,501,610
50,19,0,615
51,19,309,620
52,19,197,625
53,19,580,630
54,19,465,635
55,19,0,640
56,19,209,645
57,19,95,650
58,19,226,655
59,19,369,660
60,19,374,670
61,19,233,675
62,19,147,680
63,19,286,685
64,19,120,690
65,19,319,695
66,19,168,700
67,19,169,705
68,19,161,710
69,19,401,715
70,19,474,720
71,19,295,725
72,19,242,730
73,19,59,735
74,19,127,740
75,19,410,745
76,19,466,750
77,19,325,755
78,19,155,760
79,19,237,765
80,19,216,770
81,19,567,775
82,19,239,780
83,19,235,785
84,19,469,790
85,19,134,795
86,19,453,800
87,19,307,805
88,19,399,810
89,19,109,815
90,19,203,820
91,19,310,825
92,19,453,830
93,19,486,835
94,19,187,840
95,19,266,845
96,19,171,850
97,19,150,855
98,19,262,860
99,19,149,870
100,19,291,875
101,19,116,880
102,19,307,885
103,19,393,890
104,19,352,895
105,19,743,900
106,19,83,905
107,19,111,910
108,19,264,915
109,19,70,920
110,19,0,925
111,19,381,930
112,19,89,935
113,19,149,940
114,19,48,945
115,19,352,950
116,19,520,955
117,19,507,960
118,19,506,965
119,19,215,970
120,19,481,975
121,19,319,980
122,19,0,985
123,19,344,990
124,19,450,995
125,19,741,1000
126,19,274,1005
127,19,336,1010
128,19,138,1015
129,19,569,1020
130,19,207,1025
131,19,358,1030
132,19,349,1040
133,19,85,1045
134,19,226,1050
135,19,127,1055
136,19,282,1060
137,19,240,1065
138,19,0,1070
139,19,300,1075
140,19,534,1080
141,19,212,1085
142,19,526,1090
143,19,223,1095
144,19,126,1100
145,19,394,1105
146,19,748,1110
147,19,255,1115
148,19,303,1120
149,19,152,1125
150,19,241,1130
151,19,255,1135
152,19,419,1140
153,19,280,1145
154,19,375,1150
155,19,238,1155
156,19,279,1160
157,19,430,1165
158,19,607,1170
159,19,99,1175
160,19,274,1180
161,19,140,1185
162,19,101,1190
163,19,268,1195
164,19,400,1200
165,19,374,1205
166,19,219,1210
167,19,545,1215
168,19,341,1220
169,19,240,1225
170,19,307,1230
171,19,321,1240
172,19,373,1245
173,19,256,1250
174,19,161,1255
175,19,528,1260
176,19,358,1265
177,19,128,1270
178,19,400,1275
179,19,254,1280
180,19,386,1285
181,19,502,1290
182,19,134,1295
183,19,355,1310
184,19,230,1315
185,19,283,1320
186,19,436,1325
187,19,156,1330
188,19,132,1340
189,19,396,1350
190,19,423,1355
191,19,139,1370
192,19,255,1380
193,19,289,1385
194,19,133,1390
195,19,7,1400
196,19,149,1405
197,19,0,1410
198,19,167,1420
199,19,0,1430
0,20,0,360
1,20,206,370
2,20,113,375
3,20,241,380
4,20,224,385
5,20,334,390
6,20,215,395
7,20,525,400
8,20,241,405
9,20,648,410
10,20,555,415
11,20,504,420
12,20,292,425
13,20,269,430
14,20,262,435
15,20,385,440
16,20,404,445
17,20,661,450
18,20,616,455
19,20,330,460
20,20,344,465
21,20,400,470
22,20,194,475
23,20,378,480
24,20,474,485
25,20,626,490
26,20,218,495
27,20,326,500
28,20,177,505
29,20,254,510
30,20,158,515
31,20,58,520
32,20,114,525
33,20,184,530
34,20,473,535
35,20,407,540
36,20,90,545
37,20,0,550
38,20,241,555
39,20,397,560
40,20,214,565
41,20,235,570
42,20,346,575
43,20,134,580
44,20,292,585
45,20,185,590
46,20,41,595
47,20,398,600
48,20,158,605
49,20,354,610
50,20,206,615
51,20,272,620
52,20,206,625
53,20,482,630
54,20,414,635
55,20,0,640
56,20,218,645
57,20,120,650
58,20,338,655
59,20,252,660
60,20,424,670
61,20,218,675
62,20,137,680
63,20,253,685
64,20,194,690
65,20,304,695
66,20,182,700
67,20,107,705
68,20,226,710
69,20,421,715
70,20,397,720
71,20,264,725
72,20,238,730
73,20,105,735
74,20,388,740
75,20,213,745
76,20,320,750
77,20,400,755
78,20,79,760
79,20,260,765
80,20,212,770
81,20,449,775
82,20,212,780
83,20,153,785
84,20,415,790
85,20,188,795
86,20,280,800
87,20,339,805
88,20,427,810
89,20,0,815
90,20,123,820
91,20,285,825
92,20,298,830
93,20,324,835
94,20,187,840
95,20,372,845
96,20,163,850
97,20,188,855
98,20,250,860
99,20,0,870
100,20,338,875
101,20,83,880
102,20,300,885
103,20,319,890
104,20,317,895
105,20,438,900
106,20,0,905
107,20,262,910
108,20,321,915
109,20,64,920
110,20,180,925
111,20,265,930
112,20,175,935
113,20,218,940
114,20,93,945
115,20,250,950
116,20,356,955
117,20,627,960
118,20,128,965
119,20,203,970
120,20,440,975
121,20,493,980
122,20,0,985
123,20,337,990
124,20,249,995
125,20,508,1000
126,20,552,1005
127,20,249,1010
128,20,140,1015
129,20,431,1020
130,20,442,1025
131,20,281,1030
132,20,218,1040
133,20,76,1045
134,20,206,1050
135,20,108,1055
136,20,362,1060
137,20,257,1065
138,20,221,1070
139,20,310,1075
140,20,121,1080
141,20,175,1085
142,20,413,1090
143,20,379,1095
144,20,43,1100
145,20,315,1105
146,20,786,1110
147,20,335,1115
148,20,108,1120
149,20,0,1125
150,20,288,1130
151,20,336,1135
152,20,372,1140
153,20,305,1145
154,20,357,1150
155,20,129,1155
156,20,381,1160
157,20,421,1165
158,20,150,1170
159,20,55,1175
160,20,285,1180
161,20,137,1185
162,20,259,1190
163,20,274,1195
164,20,432,1200
165,20,287,1205
166,20,310,1210
167,20,528,1215
168,20,231,1220
169,20,226,1225
170,20,356,1230
171,20,354,1240
172,20,339,1245
173,20,232,1250
174,20,199,1255
175,20,266,1260
176,20,214,1265
177,20,125,1270
178,20,355,1275
179,20,278,1280
180,20,200,1285
181,20,397,1290
182,20,168,1295
183,20,110,1310
184,20,178,1315
185,20,341,1320
186,20,675,1325
187,20,256,1330
188,20,172,1340
189,20,155,1350
190,20,330,1355
191,20,144,1370
192,20,289,1380
193,20,298,1385
194,20,122,1390
195,20,7,1400
196,20,246,1405
197,20,0,1410
198,20,9,1420
199,20,148,1430
0,21,0,360
1,21,0,370
2,21,0,375
3,21,0,380
4,21,0,385
5,21,0,390
6,21,0,395
7,21,0,400
8,21,0,405
9,21,0,410
10,21,0,415
11,21,0,420
12,21,0,425
13,21,0,430
14,21,0,435
15,21,0,440
16,21,0,445
17,21,0,450
18,21,0,455
19,21,0,460
20,21,0,465
21,21,0,470
22,21,0,475
23,21,0,480
24,21,0,485
25,21,0,490
26,21,0,495
27,21,0,500
28,21,0,505
29,21,0,510
30,21,0,515
31,21,0,520
32,21,0,525
33,21,0,530
34,21,0,535
35,21,0,540
36,21,0,545
37,21,0,550
38,21,0,555
39,21,0,560
40,21,0,565
41,21,0,570
42,21,0,575
43,21,0,580
44,21,0,585
45,21,0,590
46,21,0,595
47,21,0,600
48,21,0,605
49,21,0,610
50,21,0,615
51,21,0,620
52,21,0,625
53,21,0,630
54,21,0,635
55,21,0,640
56,21,0,645
57,21,0,650
58,21,0,655
59,21,0,660
60,21,0,670
61,21,0,675
62,21,0,680
63,21,0,685
64,21,0,690
65,21,0,695
66,21,0,700
67,21,0,705
68,21,0,710
69,21,0,715
70,21,0,720
71,21,0,725
72,21,0,730
73,21,0,735
74,21,0,740
75,21,0,745
76,21,0,750
77,21,0,755
78,21,0,760
79,21,0,765
80,21,0,770
81,21,0,775
82,21,0,780
83,21,0,785
84,21,0,790
85,21,0,795
86,21,0,800
87,21,0,805
88,21,0,810
89,21,0,815
90,21,0,820
91,21,0,825
92,21,0,830
93,21,0,835
94,21,0,840
95,21,0,845
96,21,0,850
97,21,0,855
98,21,0,860
99,21,0,870
100,21,0,875
101,21,0,880
102,21,0,885
103,21,0,890
104,21,0,895
105,21,0,900
106,21,0,905
107,21,0,910
108,21,0,915
109,21,0,920
110,21,0,925
111,21,0,930
112,21,0,935
113,21,0,940
114,21,0,945
115,21,0,950
116,21,0,955
117,21,0,960
118,21,0,965
119,21,0,970
120,21,0,975
121,21,0,980
122,21,0,985
123,21,0,990
124,21,0,995
125,21,0,1000
126,21,0,1005
127,21,0,1010
128,21,0,1015
129,21,0,1020
130,21,0,1025
131,21,0,1030
132,21,0,1040
133,21,0,1045
134,21,0,1050
135,21,0,1055
136,21,0,1060
137,21,0,1065
138,21,0,1070
139,21,0,1075
140,21,0,1080
141,21,0,1085
142,21,0,1090
143,21,0,1095
144,21,0,1100
145,21,0,1105
146,21,0,1110
147,21,0,1115
148,21,0,1120
149,21,0,1125
150,21,0,1130
151,21,0,1135
152,21,0,1140
153,21,0,1145
154,21,0,1150
155,21,0,1155
156,21,0,1160
157,21,0,1165
158,21,0,1170
159,21,0,1175
160,21,0,1180
161,21,0,1185
162,21,0,1190
163,21,0,1195
164,21,0,1200
165,21,0,1205
166,21,0,1210
167,21,0,1215
168,21,0,1220
169,21,0,1225
170,21,0,1230
171,21,0,1240
172,21,0,1245
173,21,0,1250
174,21,0,1255
175,21,0,1260
176,21,0,1265
177,21,0,1270
178,21,0,1275
179,21,0,1280
180,21,0,1285
181,21,0,1290
182,21,0,1295
183,21,0,1310
184,21,0,1315
185,21,0,1320
186,21,0,1325
187,21,0,1330
188,21,0,1340
189,21,0,1350
190,21,0,1355
191,21,0,1370
192,21,0,1380
193,21,0,1385
194,21,0,1390
195,21,0,1400
196,21,0,1405
197,21,0,1410
198,21,0,1420
199,21,0,1430
0,22,74,360
1,22,204,370
2,22,26,375
3,22,176,380
4,22,104,385
5,22,274,390
6,22,154,395
7,22,474,400
8,22,229,405
9,22,572,410
10,22,508,415
11,22,587,420
12,22,324,425
13,22,299,430
14,22,298,435
15,22,414,440
16,22,416,445
17,22,639,450
18,22,535,455
19,22,307,460
20,22,325,465
21,22,421,470
22,22,149,475
23,22,372,480
24,22,433,485
25,22,555,490
26,22,210,495
27,22,241,500
28,22,149,505
29,22,229,510
30,22,170,515
31,22,41,520
32,22,86,525
33,22,154,530
34,22,558,535
35,22,327,540
36,22,0,545
37,22,0,550
38,22,296,555
39,22,370,560
40,22,286,565
41,22,177,570
42,22,180,575
43,22,105,580
44,22,282,585
45,22,134,590
46,22,57,595
47,22,567,600
48,22,123,605
49,22,394,610
50,22,226,615
51,22,220,620
52,22,238,625
53,22,422,630
54,22,566,635
55,22,25,640
56,22,262,645
57,22,94,650
58,22,202,655
59,22,286,660
60,22,336,670
61,22,395,675
62,22,143,680
63,22,226,685
64,22,124,690
65,22,325,695
66,22,172,700
67,22,112,705
68,22,232,710
69,22,395,715
70,22,331,720
71,22,247,725
72,22,205,730
73,22,18,735
74,22,393,740
75,22,217,745
76,22,224,750
77,22,390,755
78,22,166,760
79,22,252,765
80,22,320,770
81,22,422,775
82,22,208,780
83,22,233,785
84,22,332,790
85,22,153,795
86,22,325,800
87,22,290,805
88,22,324,810
89,22,90,815
90,22,136,820
91,22,316,825
92,22,12,830
93,22,117,835
94,22,230,840
95,22,206,845
96,22,174,850
97,22,223,855
98,22,158,860
99,22,131,870
100,22,200,875
101,22,110,880
102,22,228,885
103,22,133,890
104,22,230,895
105,22,659,900
106,22,118,905
107,22,192,910
108,22,265,915
109,22,39,920
110,22,218,925
111,22,219,930
112,22,104,935
113,22,136,940
114,22,30,945
115,22,215,950
116,22,274,955
117,22,432,960
118,22,173,965
119,22,138,970
120,22,274,975
121,22,508,980
122,22,0,985
123,22,255,990
124,22,316,995
125,22,538,1000
126,22,636,1005
127,22,112,1010
128,22,264,1015
129,22,507,1020
130,22,258,1025
131,22,163,1030
132,22,267,1040
133,22,0,1045
134,22,160,1050
135,22,123,1055
136,22,329,1060
137,22,172,1065
138,22,141,1070
139,22,367,1075
140,22,126,1080
141,22,143,1085
142,22,210,1090
143,22,163,1095
144,22,84,1100
145,22,131,1105
146,22,733,1110
147,22,271,1115
148,22,97,1120
149,22,0,1125
150,22,0,1130
151,22,291,1135
152,22,314,1140
153,22,251,1145
154,22,169,1150
155,22,103,1155
156,22,317,1160
157,22,285,1165
158,22,59,1170
159,22,137,1175
160,22,281,1180
161,22,0,1185
162,22,264,1190
163,22,255,1195
164,22,248,1200
165,22,379,1205
166,22,410,1210
167,22,418,1215
168,22,82,1220
169,22,0,1225
170,22,252,1230
171,22,345,1240
172,22,348,1245
173,22,263,1250
174,22,29,1255
175,22,258,1260
176,22,224,1265
177,22,126,1270
178,22,330,1275
179,22,198,1280
180,22,343,1285
181,22,433,1290
182,22,177,1295
183,22,28,1310
184,22,129,1315
185,22,214,1320
186,22,433,1325
187,22,301,1330
188,22,131,1340
189,22,156,1350
190,22,300,1355
191,22,160,1370
192,22,180,1380
193,22,285,1385
194,22,140,1390
195,22,0,1400
196,22,30,1405
197,22,81,1410
198,22,180,1420
199,22,152,1430
0,23,0,360
1,23,156,370
2,23,60,375
3,23,102,380
4,23,90,385
5,23,346,390
6,23,208,395
7,23,633,400
8,23,220,405
9,23,439,410
10,23,460,415
11,23,772,420
12,23,207,425
13,23,359,430
14,23,352,435
15,23,561,440
16,23,403,445
17,23,600,450
18,23,469,455
19,23,355,460
20,23,271,465
21,23,375,470
22,23,187,475
23,23,281,480
24,23,138,485
25,23,530,490
26,23,182,495
27,23,277,500
28,23,171,505
29,23,205,510
30,23,174,515
31,23,41,520
32,23,47,525
33,23,194,530
34,23,402,535
35,23,366,540
36,23,63,545
37,23,108,550
38,23,300,555
39,23,577,560
40,23,281,565
41,23,228,570
42,23,170,575
43,23,64,580
44,23,480,585
45,23,152,590
46,23,0,595
47,23,496,600
48,23,309,605
49,23,448,610
50,23,0,615
51,23,256,620
52,23,198,625
53,23,392,630
54,23,501,635
55,23,0,640
56,23,183,645
57,23,95,650
58,23,204,655
59,23,411,660
60,23,376,670
61,23,310,675
62,23,119,680
63,23,317,685
64,23,100,690
65,23,271,695
66,23,112,700
67,23,85,705
68,23,200,710
69,23,365,715
70,23,533,720
71,23,265,725
72,23,216,730
73,23,117,735
74,23,151,740
75,23,254,745
76,23,446,750
77,23,515,755
78,23,65,760
79,23,150,765
80,23,230,770
81,23,524,775
82,23,92,780
83,23,259,785
84,23,474,790
85,23,213,795
86,23,274,800
87,23,222,805
88,23,407,810
89,23,108,815
90,23,171,820
91,23,315,825
92,23,385,830
93,23,182,835
94,23,171,840
95,23,268,845
96,23,177,850
97,23,70,855
98,23,224,860
99,23,153,870
100,23,207,875
101,23,0,880
102,23,169,885
103,23,163,890
104,23,214,895
105,23,393,900
106,23,0,905
107,23,84,910
108,23,276,915
109,23,0,920
110,23,0,925
111,23,133,930
112,23,166,935
113,23,128,940
114,23,0,945
115,23,373,950
116,23,151,955
117,23,0,960
118,23,236,965
119,23,132,970
120,23,249,975
121,23,521,980
122,23,0,985
123,23,390,990
124,23,275,995
125,23,434,1000
126,23,459,1005
127,23,362,1010
128,23,65,1015
129,23,485,1020
130,23,629,1025
131,23,268,1030
132,23,300,1040
133,23,0,1045
134,23,237,1050
135,23,130,1055
136,23,399,1060
137,23,257,1065
138,23,0,1070
139,23,415,1075
140,23,496,1080
141,23,141,1085
142,23,661,1090
143,23,268,1095
144,23,92,1100
145,23,351,1105
146,23,801,1110
147,23,162,1115
148,23,251,1120
149,23,0,1125
150,23,341,1130
151,23,257,1135
152,23,530,1140
153,23,167,1145
154,23,251,1150
155,23,78,1155
156,23,319,1160
157,23,150,1165
158,23,362,1170
159,23,45,1175
160,23,140,1180
161,23,115,1185
162,23,0,1190
163,23,297,1195
164,23,522,1200
165,23,353,1205
166,23,266,1210
167,23,581,1215
168,23,372,1220
169,23,265,1225
170,23,169,1230
171,23,418,1240
172,23,176,1245
173,23,211,1250
174,23,163,1255
175,23,353,1260
176,23,372,1265
177,23,148,1270
178,23,468,1275
179,23,277,1280
180,23,349,1285
181,23,269,1290
182,23,176,1295
183,23,97,1310
184,23,267,1315
185,23,345,1320
186,23,440,1325
187,23,106,1330
188,23,55,1340
189,23,390,1350
190,23,276,1355
191,23,144,1370
192,23,332,1380
193,23,284,1385
194,23,115,1390
195,23,197,1400
196,23,296,1405
197,23,0,1410
198,23,166,1420
199,23,0,1430
0,24,0,360
1,24,186,370
2,24,74,375
3,24,97,380
4,24,219,385
5,24,310,390
6,24,168,395
7,24,528,400
8,24,214,405
9,24,564,410
10,24,479,415
11,24,503,420
12,24,317,425
13,24,280,430
14,24,250,435
15,24,458,440
16,24,429,445
17,24,615,450
18,24,552,455
19,24,271,460
20,24,270,465
21,24,396,470
22,24,214,475
23,24,347,480
24,24,301,485
25,24,569,490
26,24,247,495
27,24,224,500
28,24,148,505
29,24,255,510
30,24,187,515
31,24,52,520
32,24,91,525
33,24,176,530
34,24,137,535
35,24,378,540
36,24,164,545
37,24,0,550
38,24,306,555
39,24,380,560
40,24,277,565
41,24,205,570
42,24,182,575
43,24,65,580
44,24,334,585
45,24,161,590
46,24,26,595
47,24,428,600
48,24,94,605
49,24,428,610
50,24,212,615
51,24,240,620
52,24,181,625
53,24,510,630
54,24,518,635
55,24,0,640
56,24,246,645
57,24,102,650
58,24,268,655
59,24,325,660
60,24,424,670
61,24,332,675
62,24,116,680
63,24,241,685
64,24,122,690
65,24,336,695
66,24,182,700
67,24,124,705
68,24,197,710
69,24,383,715
70,24,499,720
71,24,249,725
72,24,188,730
73,24,97,735
74,24,146,740
75,24,248,745
76,24,475,750
77,24,546,755
78,24,93,760
79,24,245,765
80,24,216,770
81,24,461,775
82,24,148,780
83,24,214,785
84,24,317,790
85,24,230,795
86,24,352,800
87,24,323,805
88,24,413,810
89,24,171,815
90,24,95,820
91,24,266,825
92,24,204,830
93,24,395,835
94,24,233,840
95,24,270,845
96,24,176,850
97,24,233,855
98,24,200,860
99,24,149,870
100,24,295,875
101,24,115,880
102,24,79,885
103,24,287,890
104,24,344,895
105,24,513,900
106,24,0,905
107,24,180,910
108,24,361,915
109,24,116,920
110,24,180,925
111,24,264,930
112,24,171,935
113,24,112,940
114,24,75,945
115,24,277,950
116,24,290,955
117,24,374,960
118,24,257,965
119,24,138,970
120,24,324,975
121,24,504,980
122,24,0,985
123,24,266,990
124,24,339,995
125,24,764,1000
126,24,651,1005
127,24,130,1010
128,24,117,1015
129,24,635,1020
130,24,490,1025
131,24,291,1030
132,24,283,1040
133,24,85,1045
134,24,112,1050
135,24,129,1055
136,24,259,1060
137,24,232,1065
138,24,290,1070
139,24,469,1075
140,24,88,1080
141,24,179,1085
142,24,619,1090
143,24,365,1095
144,24,90,1100
145,24,345,1105
146,24,513,1110
147,24,393,1115
148,24,116,1120
149,24,0,1125
150,24,161,1130
151,24,249,1135
152,24,438,1140
153,24,288,1145
154,24,344,1150
155,24,128,1155
156,24,414,1160
157,24,355,1165
158,24,415,1170
159,24,101,1175
160,24,276,1180
161,24,102,1185
162,24,210,1190
163,24,256,1195
164,24,527,1200
165,24,349,1205
166,24,329,1210
167,24,460,1215
168,24,183,1220
169,24,210,1225
170,24,375,1230
171,24,383,1240
172,24,306,1245
173,24,221,1250
174,24,162,1255
175,24,276,1260
176,24,310,1265
177,24,74,1270
178,24,368,1275
179,24,271,1280
180,24,393,1285
181,24,490,1290
182,24,174,1295
183,24,60,1310
184,24,305,1315
185,24,203,1320
186,24,670,1325
187,24,274,1330
188,24,86,1340
189,24,243,1350
190,24,396,1355
191,24,0,1370
192,24,300,1380
193,24,104,1385
194,24,279,1390
195,24,206,1400
196,24,218,1405
197,24,0,1410
198,24,168,1420
199,24,152,1430
0,25,50,360
1,25,174,370
2,25,100,375
3,25,198,380
4,25,94,385
5,25,267,390
6,25,133,395
7,25,516,400
8,25,218,405
9,25,548,410
10,25,328,415
11,25,529,420
12,25,317,425
13,25,281,430
14,25,302,435
15,25,487,440
16,25,427,445
17,25,550,450
18,25,449,455
19,25,282,460
20,25,286,465
21,25,381,470
22,25,105,475
23,25,312,480
24,25,370,485
25,25,516,490
26,25,110,495
27,25,216,500
28,25,251,505
29,25,301,510
30,25,184,515
31,25,41,520
32,25,69,525
33,25,160,530
34,25,605,535
35,25,297,540
36,25,73,545
37,25,0,550
38,25,287,555
39,25,404,560
40,25,204,565
41,25,184,570
42,25,169,575
43,25,118,580
44,25,301,585
45,25,171,590
46,25,64,595
47,25,338,600
48,25,166,605
49,25,460,610
50,25,172,615
51,25,331,620
52,25,199,625
53,25,442,630
54,25,518,635
55,25,35,640
56,25,197,645
57,25,101,650
58,25,219,655
59,25,240,660
60,25,346,670
61,25,348,675
62,25,121,680
63,25,246,685
64,25,141,690
65,25,271,695
66,25,202,700
67,25,101,705
68,25,164,710
69,25,390,715
70,25,414,720
71,25,293,725
72,25,216,730
73,25,56,735
74,25,187,740
75,25,461,745
76,25,353,750
77,25,479,755
78,25,182,760
79,25,197,765
80,25,230,770
81,25,388,775
82,25,334,780
83,25,157,785
84,25,509,790
85,25,185,795
86,25,299,800
87,25,366,805
88,25,409,810
89,25,162,815
90,25,188,820
91,25,261,825
92,25,297,830
93,25,266,835
94,25,231,840
95,25,363,845
96,25,313,850
97,25,269,855
98,25,196,860
99,25,109,870
100,25,260,875
101,25,89,880
102,25,265,885
103,25,307,890
104,25,149,895
105,25,664,900
106,25,106,905
107,25,200,910
108,25,334,915
109,25,73,920
110,25,0,925
111,25,323,930
112,25,191,935
113,25,227,940
114,25,41,945
115,25,177,950
116,25,395,955
117,25,430,960
118,25,269,965
119,25,224,970
120,25,452,975
121,25,412,980
122,25,0,985
123,25,213,990
124,25,297,995
125,25,455,1000
126,25,566,1005
127,25,204,1010
128,25,272,1015
129,25,455,1020
130,25,415,1025
131,25,235,1030
132,25,230,1040
133,25,0,1045
134,25,194,1050
135,25,133,1055
136,25,389,1060
137,25,244,1065
138,25,136,1070
139,25,425,1075
140,25,135,1080
141,25,196,1085
142,25,368,1090
143,25,374,1095
144,25,81,1100
145,25,342,1105
146,25,635,1110
147,25,241,1115
148,25,223,1120
149,25,164,1125
150,25,57,1130
151,25,250,1135
152,25,372,1140
153,25,282,1145
154,25,257,1150
155,25,112,1155
156,25,370,1160
157,25,427,1165
158,25,377,1170
159,25,125,1175
160,25,284,1180
161,25,101,1185
162,25,247,1190
163,25,97,1195
164,25,429,1200
165,25,372,1205
166,25,362,1210
167,25,501,1215
168,25,93,1220
169,25,229,1225
170,25,111,1230
171,25,279,1240
172,25,330,1245
173,25,235,1250
174,25,164,1255
175,25,186,1260
176,25,271,1265
177,25,0,1270
178,25,479,1275
179,25,232,1280
180,25,279,1285
181,25,395,1290
182,25,163,1295
183,25,44,1310
184,25,313,1315
185,25,120,1320
186,25,659,1325
187,25,281,1330
188,25,139,1340
189,25,155,1350
190,25,210,1355
191,25,141,1370
192,25,310,1380
193,25,257,1385
194,25,118,1390
195,25,169,1400
196,25,192,1405
197,25,82,1410
198,25,164,1420
199,25,150,1430
0,26,0,360
1,26,204,370
2,26,112,375
3,26,81,380
4,26,170,385
5,26,269,390
6,26,202,395
7,26,452,400
8,26,224,405
9,26,547,410
10,26,448,415
11,26,505,420
12,26,282,425
13,26,315,430
14,26,370,435
15,26,431,440
16,26,419,445
17,26,607,450
18,26,454,455
19,26,310,460
20,26,327,465
21,26,336,470
22,26,259,475
23,26,300,480
24,26,102,485
25,26,464,490
26,26,237,495
27,26,257,500
28,26,184,505
29,26,265,510
30,26,207,515
31,26,47,520
32,26,110,525
33,26,189,530
34,26,311,535
35,26,241,540
36,26,41,545
37,26,0,550
38,26,315,555
39,26,673,560
40,26,235,565
41,26,157,570
42,26,173,575
43,26,94,580
44,26,465,585
45,26,171,590
46,26,0,595
47,26,399,600
48,26,123,605
49,26,498,610
50,26,0,615
51,26,298,620
52,26,192,625
53,26,482,630
54,26,511,635
55,26,0,640
56,26,226,645
57,26,112,650
58,26,221,655
59,26,417,660
60,26,366,670
61,26,258,675
62,26,136,680
63,26,197,685
64,26,123,690
65,26,275,695
66,26,150,700
67,26,100,705
68,26,217,710
69,26,396,715
70,26,466,720
71,26,267,725
72,26,131,730
73,26,96,735
74,26,148,740
75,26,343,745
76,26,468,750
77,26,335,755
78,26,145,760
79,26,214,765
80,26,236,770
81,26,477,775
82,26,284,780
83,26,246,785
84,26,503,790
85,26,137,795
86,26,377,800
87,26,277,805
88,26,427,810
89,26,182,815
90,26,170,820
91,26,354,825
92,26,378,830
93,26,344,835
94,26,193,840
95,26,290,845
96,26,169,850
97,26,72,855
98,26,224,860
99,26,150,870
100,26,242,875
101,26,0,880
102,26,166,885
103,26,172,890
104,26,144,895
105,26,703,900
106,26,153,905
107,26,92,910
108,26,236,915
109,26,32,920
110,26,0,925
111,26,242,930
112,26,202,935
113,26,137,940
114,26,0,945
115,26,368,950
116,26,448,955
117,26,187,960
118,26,224,965
119,26,181,970
120,26,559,975
121,26,406,980
122,26,0,985
123,26,130,990
124,26,330,995
125,26,683,1000
126,26,440,1005
127,26,239,1010
128,26,92,1015
129,26,608,1020
130,26,383,1025
131,26,188,1030
132,26,340,1040
133,26,86,1045
134,26,145,1050
135,26,62,1055
136,26,310,1060
137,26,245,1065
138,26,0,1070
139,26,292,1075
140,26,521,1080
141,26,156,1085
142,26,498,1090
143,26,234,1095
144,26,87,1100
145,26,334,1105
146,26,614,1110
147,26,205,1115
148,26,241,1120
149,26,156,1125
150,26,117,1130
151,26,62,1135
152,26,319,1140
153,26,289,1145
154,26,272,1150
155,26,93,1155
156,26,119,1160
157,26,354,1165
158,26,258,1170
159,26,48,1175
160,26,293,1180
161,26,98,1185
162,26,78,1190
163,26,323,1195
164,26,312,1200
165,26,331,1205
166,26,273,1210
167,26,496,1215
168,26,236,1220
169,26,212,1225
170,26,156,1230
171,26,427,1240
172,26,362,1245
173,26,229,1250
174,26,156,1255
175,26,557,1260
176,26,347,1265
177,26,133,1270
178,26,427,1275
179,26,246,1280
180,26,275,1285
181,26,471,1290
182,26,166,1295
183,26,321,1310
184,26,266,1315
185,26,221,1320
186,26,425,1325
187,26,106,1330
188,26,0,1340
189,26,452,1350
190,26,375,1355
191,26,147,1370
192,26,247,1380
193,26,0,1385
194,26,123,1390
195,26,155,1400
196,26,309,1405
197,26,0,1410
198,26,172,1420
199,26,0,1430
0,27,0,360
1,27,236,370
2,27,88,375
3,27,166,380
4,27,196,385
5,27,325,390
6,27,204,395
7,27,546,400
8,27,137,405
9,27,574,410
10,27,500,415
11,27,383,420
12,27,309,425
13,27,307,430
14,27,264,435
15,27,329,440
16,27,388,445
17,27,616,450
18,27,596,455
19,27,331,460
20,27,292,465
21,27,348,470
22,27,183,475
23,27,386,480
24,27,336,485
25,27,673,490
26,27,249,495
27,27,278,500
28,27,159,505
29,27,283,510
30,27,163,515
31,27,48,520
32,27,102,525
33,27,166,530
34,27,499,535
35,27,350,540
36,27,98,545
37,27,0,550
38,27,326,555
39,27,381,560
40,27,225,565
41,27,221,570
42,27,301,575
43,27,99,580
44,27,252,585
45,27,183,590
46,27,0,595
47,27,356,600
48,27,154,605
49,27,436,610
50,27,228,615
51,27,322,620
52,27,187,625
53,27,378,630
54,27,530,635
55,27,0,640
56,27,230,645
57,27,99,650
58,27,261,655
59,27,318,660
60,27,386,670
61,27,338,675
62,27,144,680
63,27,222,685
64,27,139,690
65,27,300,695
66,27,158,700
67,27,100,705
68,27,208,710
69,27,408,715
70,27,462,720
71,27,291,725
72,27,238,730
73,27,77,735
74,27,341,740
75,27,231,745
76,27,437,750
77,27,424,755
78,27,92,760
79,27,207,765
80,27,216,770
81,27,409,775
82,27,250,780
83,27,248,785
84,27,382,790
85,27,255,795
86,27,319,800
87,27,312,805
88,27,404,810
89,27,153,815
90,27,232,820
91,27,351,825
92,27,321,830
93,27,397,835
94,27,126,840
95,27,289,845
96,27,176,850
97,27,146,855
98,27,192,860
99,27,138,870
100,27,309,875
101,27,110,880
102,27,300,885
103,27,289,890
104,27,358,895
105,27,659,900
106,27,0,905
107,27,208,910
108,27,385,915
109,27,115,920
110,27,192,925
111,27,425,930
112,27,244,935
113,27,226,940
114,27,66,945
115,27,257,950
116,27,362,955
117,27,508,960
118,27,276,965
119,27,200,970
120,27,490,975
121,27,537,980
122,27,0,985
123,27,316,990
124,27,330,995
125,27,358,1000
126,27,597,1005
127,27,233,1010
128,27,0,1015
129,27,705,1020
130,27,490,1025
131,27,205,1030
132,27,282,1040
133,27,78,1045
134,27,243,1050
135,27,131,1055
136,27,391,1060
137,27,257,1065
138,27,262,1070
139,27,441,1075
140,27,0,1080
141,27,205,1085
142,27,613,1090
143,27,405,1095
144,27,79,1100
145,27,194,1105
146,27,747,1110
147,27,330,1115
148,27,296,1120
149,27,162,1125
150,27,182,1130
151,27,295,1135
152,27,408,1140
153,27,260,1145
154,27,370,1150
155,27,92,1155
156,27,437,1160
157,27,285,1165
158,27,372,1170
159,27,103,1175
160,27,216,1180
161,27,134,1185
162,27,275,1190
163,27,222,1195
164,27,450,1200
165,27,330,1205
166,27,433,1210
167,27,512,1215
168,27,184,1220
169,27,256,1225
170,27,264,1230
171,27,443,1240
172,27,299,1245
173,27,194,1250
174,27,209,1255
175,27,592,1260
176,27,219,1265
177,27,141,1270
178,27,378,1275
179,27,286,1280
180,27,349,1285
181,27,501,1290
182,27,178,1295
183,27,118,1310
184,27,295,1315
185,27,306,1320
186,27,649,1325
187,27,281,1330
188,27,131,1340
189,27,276,1350
190,27,414,1355
191,27,145,1370
192,27,177,1380
193,27,255,1385
194,27,125,1390
195,27,143,1400
196,27,230,1405
197,27,0,1410
198,27,175,1420
199,27,152,1430
